run_at,target,grades,loss,sampler,class_weight,eval,arch,hidden,lr,epochs_run,best_epoch,n_train,n_val,macro_f1,accuracy,qwk,per_device_f1,seconds,tag
2026-09-08 16:38,pigmentation,6,ce,none,False,standard,resnet50,512,0.001,21,6,15295,1908,0.3778,0.4738,0.659,"{""디카"": 0.3508, ""패드"": 0.3339, ""폰"": 0.2924}",21.8,기준선
2026-09-08 16:39,pore,6,ce,none,False,standard,resnet50,512,0.001,22,7,15295,1908,0.37,0.6242,0.4108,"{""디카"": 0.3548, ""패드"": 0.2924, ""폰"": 0.4187}",25.3,기준선
2026-09-08 16:39,pore,6,focal,none,False,standard,resnet50,512,0.001,22,7,15295,1908,0.3725,0.63,0.4244,"{""디카"": 0.3598, ""패드"": 0.3182, ""폰"": 0.4205}",24.4,focal
2026-09-08 16:40,pore,6,ce,weighted,False,standard,resnet50,512,0.001,45,30,15295,1908,0.3566,0.5734,0.3886,"{""디카"": 0.3665, ""패드"": 0.2904, ""폰"": 0.343}",51.2,가중샘플러
2026-09-08 16:41,pore,6,ce,none,True,standard,resnet50,512,0.001,23,8,15295,1908,0.2988,0.3721,0.2699,"{""디카"": 0.3133, ""패드"": 0.2627, ""폰"": 0.268}",26.6,클래스가중치
2026-09-08 16:41,pore,3,ce,none,False,standard,resnet50,512,0.001,26,11,15295,1908,0.5497,0.641,0.4176,"{""디카"": 0.5405, ""패드"": 0.5328, ""폰"": 0.4409}",29.5,3등급
2026-09-08 16:42,pigmentation,3,ce,none,False,standard,resnet50,512,0.001,23,8,15295,1908,0.6175,0.641,0.6752,"{""디카"": 0.5982, ""패드"": 0.5847, ""폰"": 0.5824}",26.3,3등급
2026-09-08 16:43,pore,6,coral,none,False,standard,resnet50,512,0.001,60,58,15295,1908,0.2956,0.6415,0.3604,"{""디카"": 0.2839, ""패드"": 0.3013, ""폰"": 0.2749}",68.4,CORAL
2026-09-08 16:44,pore,3,coral,none,False,standard,resnet50,512,0.001,57,42,15295,1908,0.5505,0.6174,0.415,"{""디카"": 0.5524, ""패드"": 0.5345, ""폰"": 0.5047}",65.6,CORAL
2026-09-08 16:46,pigmentation,6,coral,none,False,standard,resnet50,512,0.001,59,44,15295,1908,0.3561,0.4119,0.6821,"{""디카"": 0.3653, ""패드"": 0.3606, ""폰"": 0.3008}",68.0,CORAL
2026-09-08 16:46,pore,3,ce,none,False,device,resnet50,512,0.001,30,15,8572,410,0.4034,0.5171,0.1647,{},19.4,도메인갭
2026-09-08 16:46,pigmentation,3,ce,none,False,device,resnet50,512,0.001,16,1,8572,410,0.5227,0.5634,0.464,{},9.9,도메인갭
2026-09-08 17:29,pigmentation,3,ce,none,False,standard,resnet50,512,0.001,19,4,15295,1908,0.6063,0.6436,0.6851,"{""디카"": 0.5951, ""패드"": 0.6221, ""폰"": 0.5778}",18.9,R50/증강없음
2026-09-08 17:29,pore,3,ce,none,False,standard,resnet50,512,0.001,17,2,15295,1908,0.5449,0.6504,0.402,"{""디카"": 0.5422, ""패드"": 0.4917, ""폰"": 0.4793}",18.7,R50/증강없음
2026-09-08 17:30,pigmentation,6,ce,none,False,standard,resnet50,512,0.001,21,6,15295,1908,0.3657,0.4565,0.6399,"{""디카"": 0.3506, ""패드"": 0.3866, ""폰"": 0.2732}",23.7,R50/증강없음
2026-09-08 17:30,pigmentation,3,ce,none,False,standard,dinov3_s,512,0.001,18,3,15295,1908,0.6568,0.6918,0.7422,"{""디카"": 0.6555, ""패드"": 0.6439, ""폰"": 0.6303}",8.9,DINOv3
2026-09-08 17:30,pore,3,ce,none,False,standard,dinov3_s,512,0.001,23,8,15295,1908,0.5632,0.6536,0.4361,"{""디카"": 0.5706, ""패드"": 0.5358, ""폰"": 0.4992}",12.2,DINOv3
2026-09-08 17:31,pigmentation,6,ce,none,False,standard,dinov3_s,512,0.001,22,7,15295,1908,0.3998,0.5278,0.7275,"{""디카"": 0.3919, ""패드"": 0.3612, ""폰"": 0.3389}",10.7,DINOv3
2026-09-08 17:31,pore,6,ce,none,False,standard,dinov3_s,512,0.001,17,2,15295,1908,0.4475,0.6693,0.3845,"{""디카"": 0.3441, ""패드"": 0.3534, ""폰"": 0.3777}",8.3,DINOv3
2026-09-08 17:31,pore,3,coral,none,False,standard,dinov3_s,512,0.001,32,17,15295,1908,0.5685,0.5938,0.484,"{""디카"": 0.5806, ""패드"": 0.5433, ""폰"": 0.5056}",16.2,DINOv3/CORAL
2026-09-08 17:32,pigmentation,6,coral,none,False,standard,dinov3_s,512,0.001,60,59,15295,1908,0.4286,0.4958,0.736,"{""디카"": 0.4481, ""패드"": 0.4466, ""폰"": 0.36}",31.2,DINOv3/CORAL
2026-09-08 17:32,pore,3,ce,none,False,device,dinov3_s,512,0.001,21,6,8572,410,0.5049,0.6463,0.3621,{},5.2,DINOv3/도메인갭
2026-09-08 17:32,pigmentation,3,ce,none,False,device,dinov3_s,512,0.001,16,1,8572,410,0.5684,0.6366,0.6036,{},4.4,DINOv3/도메인갭
2026-09-09 08:58,pore,3,ce,none,False,device,dinov3_s,512,0.001,21,6,8572,410,0.5049,0.6463,0.3621,{},4.1,기준선
2026-09-09 08:58,pore,3,ce,none,False,device,dinov3_s,512,0.001,21,6,8572,410,0.5156,0.6122,0.3689,{},4.3,기기증강 p0.3
2026-09-09 08:58,pore,3,ce,none,False,device,dinov3_s,512,0.001,20,5,8572,410,0.5127,0.6415,0.3518,{},4.1,기기증강 p0.5
2026-09-09 08:59,pore,3,ce,none,False,device,dinov3_s,512,0.001,20,5,8572,410,0.5237,0.6415,0.3595,{},4.0,기기증강 p0.7
2026-09-09 08:59,pigmentation,3,ce,none,False,device,dinov3_s,512,0.001,16,1,8572,410,0.5684,0.6366,0.6036,{},3.1,기준선
2026-09-09 08:59,pigmentation,3,ce,none,False,device,dinov3_s,512,0.001,16,1,8572,410,0.5868,0.6463,0.6398,{},3.4,기기증강 p0.5
2026-09-09 08:59,pore,3,ce,none,False,standard,dinov3_s,512,0.001,23,8,15295,1908,0.5632,0.6536,0.4361,"{""디카"": 0.5706, ""패드"": 0.5358, ""폰"": 0.4992}",7.9,기준선/전체
2026-09-09 08:59,pore,3,ce,none,False,standard,dinov3_s,512,0.001,23,8,15295,1908,0.5658,0.6588,0.4388,"{""디카"": 0.559, ""패드"": 0.524, ""폰"": 0.4945}",9.1,기기증강/전체
2026-09-09 09:00,pore,3,ce,none,False,device,dinov3_s,512,0.001,20,5,8572,410,0.5239,0.6439,0.3554,{},4.3,기기증강 p0.9
2026-09-09 09:01,pore,3,ce,none,False,device,dinov3_s,512,0.001,20,5,8572,410,0.5092,0.639,0.3272,{},4.5,기기증강 p1.0
2026-09-09 09:01,pore,3,ce,none,False,standard,dinov3_s,512,0.001,28,13,15295,1908,0.5613,0.6515,0.4422,"{""디카"": 0.5567, ""패드"": 0.5461, ""폰"": 0.49}",11.7,기기증강/전체 p0.7
2026-09-09 09:01,pore,3,ce,none,False,standard,dinov3_s,512,0.001,28,13,15295,1908,0.5641,0.6415,0.4482,"{""디카"": 0.5691, ""패드"": 0.5416, ""폰"": 0.4843}",11.1,기기증강/전체 p1.0
2026-09-09 09:24,pore,3,ce,none,False,device,dinov3_s,512,0.001,20,5,8572,410,0.5246,0.639,0.376,{},4.0,기기증강v2 p0.3
2026-09-09 09:24,pore,3,ce,none,False,device,dinov3_s,512,0.001,20,5,8572,410,0.5351,0.6415,0.3785,{},4.5,기기증강v2 p0.5
2026-09-09 09:24,pore,3,ce,none,False,device,dinov3_s,512,0.001,20,5,8572,410,0.5231,0.6439,0.3558,{},4.7,기기증강v2 p0.7
2026-09-09 09:25,pore,3,ce,none,False,device,dinov3_s,512,0.001,18,3,8572,410,0.5212,0.6,0.369,{},3.9,기기증강v2 p0.9
2026-09-09 09:25,pigmentation,3,ce,none,False,device,dinov3_s,512,0.001,16,1,8572,410,0.5841,0.6293,0.6105,{},3.4,기기증강v2 p0.5
2026-09-09 09:25,pigmentation,3,ce,none,False,device,dinov3_s,512,0.001,16,1,8572,410,0.5885,0.6366,0.6403,{},3.5,기기증강v2 p0.7
2026-09-09 09:25,pore,3,ce,none,False,standard,dinov3_s,512,0.001,28,13,15295,1908,0.57,0.6499,0.4526,"{""디카"": 0.5632, ""패드"": 0.5411, ""폰"": 0.4909}",10.8,기기증강v2/전체 p0.5
2026-09-09 09:25,pore,3,ce,none,False,standard,dinov3_s,512,0.001,28,13,15295,1908,0.5664,0.6468,0.4536,"{""디카"": 0.5484, ""패드"": 0.5333, ""폰"": 0.4802}",10.5,기기증강v2/전체 p0.7
2026-09-09 13:04,wrinkle,7,ce,none,False,standard,dinov3_s,512,0.001,50,35,14449,1810,0.3973,0.4613,0.8425,"{""디카"": 0.4107, ""패드"": 0.3641, ""폰"": 0.3552}",17.5,5.1/7등급/ce
2026-09-09 13:04,wrinkle,3,ce,none,False,standard,dinov3_s,512,0.001,33,18,14449,1810,0.7448,0.7525,0.8121,"{""디카"": 0.7457, ""패드"": 0.7139, ""폰"": 0.694}",11.3,5.1/3등급/ce
2026-09-09 13:04,wrinkle,3,ce,none,False,standard,dinov3_s,512,0.001,27,12,14449,1810,0.6264,0.7646,0.7966,"{""디카"": 0.6132, ""패드"": 0.5967, ""폰"": 0.5923}",9.7,5.1/3등급-boundary
2026-09-09 13:05,wrinkle,3,coral,none,False,standard,dinov3_s,512,0.001,60,50,14449,1810,0.7391,0.7514,0.8122,"{""디카"": 0.7455, ""패드"": 0.6992, ""폰"": 0.6777}",21.2,5.1/3등급/coral
2026-09-09 13:05,wrinkle,7,coral,none,False,standard,dinov3_s,512,0.001,60,54,14449,1810,0.384,0.4403,0.8517,"{""디카"": 0.3824, ""패드"": 0.3609, ""폰"": 0.3803}",20.6,5.1/7등급/coral
2026-09-09 13:05,wrinkle,3,ce,none,False,device,dinov3_s,512,0.001,16,1,8576,388,0.4855,0.5722,0.4949,{},3.3,5.1/도메인갭
2026-09-09 13:06,wrinkle,3,ce,none,False,standard,dinov3_s,512,0.001,25,10,14449,1810,0.7525,0.7586,0.8159,"{""디카"": 0.7712, ""패드"": 0.6934, ""폰"": 0.6901}",8.7,5.2/squash/전체
2026-09-09 13:06,wrinkle,3,ce,none,False,device,dinov3_s,512,0.001,17,2,8576,388,0.4746,0.5825,0.5236,{},3.5,5.2/squash/폰
2026-09-09 13:06,wrinkle,3,ce,none,False,standard,dinov3_s,512,0.001,33,18,14449,1810,0.7448,0.7525,0.8121,"{""디카"": 0.7457, ""패드"": 0.7139, ""폰"": 0.694}",11.3,5.3/w90
2026-09-09 13:06,wrinkle,3,ce,none,False,standard,dinov3_s,512,0.001,21,6,13432,1672,0.7487,0.7602,0.8246,"{""디카"": 0.7633, ""패드"": 0.7298, ""폰"": 0.6685}",6.6,5.3/w120
2026-09-09 13:06,wrinkle,3,ce,none,False,standard,dinov3_s,512,0.001,22,7,12419,1552,0.7551,0.7655,0.8219,"{""디카"": 0.7574, ""패드"": 0.7476, ""폰"": 0.6977}",6.2,5.3/w150
2026-09-09 13:07,wrinkle,7,ce,none,False,standard,dinov3_s,512,0.001,34,19,14449,1810,0.3926,0.4735,0.8413,"{""디카"": 0.3858, ""패드"": 0.3481, ""폰"": 0.3493}",11.4,5.1/7등급/ce
2026-09-09 13:07,wrinkle,3,ce,none,False,standard,dinov3_s,512,0.001,20,5,14449,1810,0.7544,0.7663,0.8228,"{""디카"": 0.7765, ""패드"": 0.72, ""폰"": 0.683}",6.8,5.1/3등급/ce
2026-09-09 13:07,wrinkle,3,ce,none,False,standard,dinov3_s,512,0.001,32,17,14449,1810,0.627,0.7646,0.802,"{""디카"": 0.6202, ""패드"": 0.5942, ""폰"": 0.6088}",10.8,5.1/3등급-boundary
2026-09-09 13:07,wrinkle,3,coral,none,False,standard,dinov3_s,512,0.001,44,29,14449,1810,0.7343,0.7503,0.8062,"{""디카"": 0.754, ""패드"": 0.7044, ""폰"": 0.6846}",15.0,5.1/3등급/coral
2026-09-09 13:08,wrinkle,7,coral,none,False,standard,dinov3_s,512,0.001,60,51,14449,1810,0.3954,0.4536,0.8499,"{""디카"": 0.4044, ""패드"": 0.35, ""폰"": 0.3781}",20.0,5.1/7등급/coral
2026-09-09 13:08,wrinkle,3,ce,none,False,device,dinov3_s,512,0.001,16,1,8576,388,0.5011,0.5851,0.5457,{},3.2,5.1/도메인갭
2026-09-09 13:08,wrinkle,3,ce,none,False,standard,dinov3_s,512,0.001,18,3,14449,1810,0.753,0.7619,0.8173,"{""디카"": 0.773, ""패드"": 0.7035, ""폰"": 0.7017}",6.1,5.2/squash/전체
2026-09-09 13:08,wrinkle,3,ce,none,False,device,dinov3_s,512,0.001,16,1,8576,388,0.5079,0.6005,0.5593,{},3.2,5.2/squash/폰
2026-09-09 13:08,wrinkle,3,ce,none,False,standard,dinov3_s,512,0.001,20,5,14449,1810,0.7544,0.7663,0.8228,"{""디카"": 0.7765, ""패드"": 0.72, ""폰"": 0.683}",6.6,5.3/w90
2026-09-09 13:08,wrinkle,3,ce,none,False,standard,dinov3_s,512,0.001,23,8,13432,1672,0.7506,0.765,0.8253,"{""디카"": 0.7536, ""패드"": 0.7133, ""폰"": 0.663}",7.1,5.3/w120
2026-09-09 13:09,wrinkle,3,ce,none,False,standard,dinov3_s,512,0.001,27,12,12419,1552,0.7513,0.7597,0.8183,"{""디카"": 0.7585, ""패드"": 0.7371, ""폰"": 0.6632}",7.9,5.3/w150
2026-09-09 13:09,wrinkle,7,ce,none,False,standard,dinov3_s,512,0.001,28,13,14449,1810,0.3854,0.4624,0.8388,"{""디카"": 0.4001, ""패드"": 0.352, ""폰"": 0.347}",9.2,5.1/7등급/ce
2026-09-09 13:09,wrinkle,3,ce,none,False,standard,dinov3_s,512,0.001,25,10,14449,1810,0.7459,0.753,0.8135,"{""디카"": 0.7537, ""패드"": 0.7158, ""폰"": 0.6892}",8.4,5.1/3등급/ce
2026-09-09 13:09,wrinkle,3,ce,none,False,standard,dinov3_s,512,0.001,20,5,14449,1810,0.6252,0.774,0.8056,"{""디카"": 0.6264, ""패드"": 0.6038, ""폰"": 0.6088}",6.8,5.1/3등급-boundary
2026-09-09 13:10,wrinkle,3,coral,none,False,standard,dinov3_s,512,0.001,52,37,14449,1810,0.7433,0.7591,0.8183,"{""디카"": 0.7506, ""패드"": 0.7256, ""폰"": 0.7018}",17.5,5.1/3등급/coral
2026-09-09 13:10,wrinkle,7,coral,none,False,standard,dinov3_s,512,0.001,60,60,14449,1810,0.3931,0.4514,0.8534,"{""디카"": 0.4088, ""패드"": 0.3464, ""폰"": 0.3881}",19.7,5.1/7등급/coral
2026-09-09 13:10,wrinkle,3,ce,none,False,device,dinov3_s,512,0.001,16,1,8576,388,0.5123,0.5799,0.5441,{},3.2,5.1/도메인갭
2026-09-09 13:10,wrinkle,3,ce,none,False,standard,dinov3_s,512,0.001,24,9,14449,1810,0.7581,0.7657,0.8189,"{""디카"": 0.7662, ""패드"": 0.731, ""폰"": 0.688}",8.3,5.2/squash/전체
2026-09-09 13:11,wrinkle,3,ce,none,False,device,dinov3_s,512,0.001,16,1,8576,388,0.5278,0.6005,0.5775,{},3.1,5.2/squash/폰
2026-09-09 13:11,wrinkle,3,ce,none,False,standard,dinov3_s,512,0.001,25,10,14449,1810,0.7459,0.753,0.8135,"{""디카"": 0.7537, ""패드"": 0.7158, ""폰"": 0.6892}",8.5,5.3/w90
2026-09-09 13:11,wrinkle,3,ce,none,False,standard,dinov3_s,512,0.001,19,4,13432,1672,0.7458,0.7572,0.8175,"{""디카"": 0.7567, ""패드"": 0.6959, ""폰"": 0.6654}",5.8,5.3/w120
2026-09-09 13:11,wrinkle,3,ce,none,False,standard,dinov3_s,512,0.001,26,11,12419,1552,0.7545,0.7655,0.8262,"{""디카"": 0.7518, ""패드"": 0.733, ""폰"": 0.6714}",7.5,5.3/w150
2026-09-09 13:11,wrinkle,7,ce,none,False,standard,dinov3_s,512,0.001,23,8,14449,1810,0.3922,0.4735,0.8362,"{""디카"": 0.3841, ""패드"": 0.3249, ""폰"": 0.3542}",7.6,5.1/7등급/ce
2026-09-09 13:11,wrinkle,3,ce,none,False,standard,dinov3_s,512,0.001,20,5,14449,1810,0.7517,0.7613,0.8203,"{""디카"": 0.7624, ""패드"": 0.7102, ""폰"": 0.6841}",6.6,5.1/3등급/ce
2026-09-09 13:12,wrinkle,3,ce,none,False,standard,dinov3_s,512,0.001,20,5,14449,1810,0.6226,0.7702,0.7915,"{""디카"": 0.6112, ""패드"": 0.5873, ""폰"": 0.6001}",6.8,5.1/3등급-boundary
2026-09-09 13:12,wrinkle,3,coral,none,False,standard,dinov3_s,512,0.001,60,49,14449,1810,0.7358,0.7514,0.8102,"{""디카"": 0.7505, ""패드"": 0.7044, ""폰"": 0.6834}",19.8,5.1/3등급/coral
2026-09-09 13:12,wrinkle,7,coral,none,False,standard,dinov3_s,512,0.001,60,59,14449,1810,0.39,0.4486,0.8498,"{""디카"": 0.3988, ""패드"": 0.3391, ""폰"": 0.3994}",19.7,5.1/7등급/coral
2026-09-09 13:13,wrinkle,3,ce,none,False,device,dinov3_s,512,0.001,16,1,8576,388,0.5002,0.5876,0.5443,{},3.1,5.1/도메인갭
2026-09-09 13:13,wrinkle,3,ce,none,False,standard,dinov3_s,512,0.001,37,22,14449,1810,0.7508,0.7608,0.8207,"{""디카"": 0.771, ""패드"": 0.7037, ""폰"": 0.6887}",12.5,5.2/squash/전체
2026-09-09 13:13,wrinkle,3,ce,none,False,device,dinov3_s,512,0.001,16,1,8576,388,0.5039,0.5851,0.5207,{},3.2,5.2/squash/폰
2026-09-09 13:13,wrinkle,3,ce,none,False,standard,dinov3_s,512,0.001,20,5,14449,1810,0.7517,0.7613,0.8203,"{""디카"": 0.7624, ""패드"": 0.7102, ""폰"": 0.6841}",6.8,5.3/w90
2026-09-09 13:13,wrinkle,3,ce,none,False,standard,dinov3_s,512,0.001,22,7,13432,1672,0.7514,0.7656,0.8263,"{""디카"": 0.7638, ""패드"": 0.7305, ""폰"": 0.681}",6.9,5.3/w120
2026-09-09 13:14,wrinkle,3,ce,none,False,standard,dinov3_s,512,0.001,18,3,12419,1552,0.7586,0.7713,0.8275,"{""디카"": 0.765, ""패드"": 0.7561, ""폰"": 0.6795}",5.2,5.3/w150
2026-09-09 13:14,wrinkle,7,ce,none,False,standard,dinov3_s,512,0.001,32,17,14449,1810,0.3967,0.4729,0.8386,"{""디카"": 0.4068, ""패드"": 0.3603, ""폰"": 0.3341}",11.0,5.1/7등급/ce
2026-09-09 13:14,wrinkle,3,ce,none,False,standard,dinov3_s,512,0.001,20,5,14449,1810,0.7482,0.7613,0.8195,"{""디카"": 0.7696, ""패드"": 0.7183, ""폰"": 0.6905}",6.5,5.1/3등급/ce
2026-09-09 13:14,wrinkle,3,ce,none,False,standard,dinov3_s,512,0.001,34,19,14449,1810,0.6209,0.7696,0.7947,"{""디카"": 0.6059, ""패드"": 0.5961, ""폰"": 0.6285}",11.3,5.1/3등급-boundary
2026-09-09 13:15,wrinkle,3,coral,none,False,standard,dinov3_s,512,0.001,38,23,14449,1810,0.7363,0.7569,0.8194,"{""디카"": 0.7498, ""패드"": 0.6903, ""폰"": 0.6857}",12.7,5.1/3등급/coral
2026-09-09 13:15,wrinkle,7,coral,none,False,standard,dinov3_s,512,0.001,60,58,14449,1810,0.3928,0.4575,0.8526,"{""디카"": 0.4048, ""패드"": 0.3469, ""폰"": 0.3609}",20.1,5.1/7등급/coral
2026-09-09 13:15,wrinkle,3,ce,none,False,device,dinov3_s,512,0.001,16,1,8576,388,0.5495,0.6057,0.5739,{},3.3,5.1/도메인갭
2026-09-09 13:15,wrinkle,3,ce,none,False,standard,dinov3_s,512,0.001,20,5,14449,1810,0.7531,0.7619,0.8181,"{""디카"": 0.7667, ""패드"": 0.7097, ""폰"": 0.686}",6.5,5.2/squash/전체
2026-09-09 13:15,wrinkle,3,ce,none,False,device,dinov3_s,512,0.001,16,1,8576,388,0.5051,0.5825,0.4765,{},3.2,5.2/squash/폰
2026-09-09 13:16,wrinkle,3,ce,none,False,standard,dinov3_s,512,0.001,20,5,14449,1810,0.7482,0.7613,0.8195,"{""디카"": 0.7696, ""패드"": 0.7183, ""폰"": 0.6905}",6.6,5.3/w90
2026-09-09 13:16,wrinkle,3,ce,none,False,standard,dinov3_s,512,0.001,33,18,13432,1672,0.7479,0.759,0.8191,"{""디카"": 0.7595, ""패드"": 0.7045, ""폰"": 0.6687}",10.2,5.3/w120
2026-09-09 13:16,wrinkle,3,ce,none,False,standard,dinov3_s,512,0.001,23,8,12419,1552,0.7555,0.7668,0.8266,"{""디카"": 0.7557, ""패드"": 0.7175, ""폰"": 0.6772}",6.7,5.3/w150
2026-09-09 13:17,wrinkle,3,ce,none,False,standard,dinov3_s,512,0.001,40,25,13432,1810,0.745,0.7558,0.8198,"{""디카"": 0.7456, ""패드"": 0.7059, ""폰"": 0.6941}",12.5,5.3fix/w120
2026-09-09 13:18,wrinkle,3,ce,none,False,standard,dinov3_s,512,0.001,18,3,12419,1810,0.7402,0.7481,0.8026,"{""디카"": 0.7639, ""패드"": 0.7022, ""폰"": 0.686}",5.5,5.3fix/w150
2026-09-09 13:18,wrinkle,3,ce,none,False,standard,dinov3_s,512,0.001,21,6,11374,1810,0.7479,0.7575,0.8116,"{""디카"": 0.769, ""패드"": 0.6864, ""폰"": 0.6719}",5.7,5.3fix/w180
2026-09-09 13:18,wrinkle,3,ce,none,False,standard,dinov3_s,512,0.001,23,8,13432,1810,0.7472,0.7613,0.8199,"{""디카"": 0.754, ""패드"": 0.708, ""폰"": 0.6711}",7.5,5.3fix/w120
2026-09-09 13:18,wrinkle,3,ce,none,False,standard,dinov3_s,512,0.001,28,13,12419,1810,0.7434,0.7536,0.8127,"{""디카"": 0.7531, ""패드"": 0.6851, ""폰"": 0.6642}",8.4,5.3fix/w150
2026-09-09 13:18,wrinkle,3,ce,none,False,standard,dinov3_s,512,0.001,21,6,11374,1810,0.7467,0.7575,0.8091,"{""디카"": 0.7618, ""패드"": 0.6887, ""폰"": 0.7006}",5.8,5.3fix/w180
2026-09-09 13:19,wrinkle,3,ce,none,False,standard,dinov3_s,512,0.001,37,22,13432,1810,0.7466,0.7586,0.8161,"{""디카"": 0.7674, ""패드"": 0.6988, ""폰"": 0.6841}",12.2,5.3fix/w120
2026-09-09 13:19,wrinkle,3,ce,none,False,standard,dinov3_s,512,0.001,26,11,12419,1810,0.7397,0.7497,0.8079,"{""디카"": 0.7553, ""패드"": 0.6806, ""폰"": 0.6744}",8.0,5.3fix/w150
2026-09-09 13:19,wrinkle,3,ce,none,False,standard,dinov3_s,512,0.001,37,22,11374,1810,0.7361,0.7492,0.804,"{""디카"": 0.7465, ""패드"": 0.6627, ""폰"": 0.6526}",10.0,5.3fix/w180
2026-09-09 13:19,wrinkle,3,ce,none,False,standard,dinov3_s,512,0.001,31,16,13432,1810,0.7493,0.7635,0.8208,"{""디카"": 0.7637, ""패드"": 0.7104, ""폰"": 0.6935}",9.9,5.3fix/w120
2026-09-09 13:19,wrinkle,3,ce,none,False,standard,dinov3_s,512,0.001,32,17,12419,1810,0.7443,0.7519,0.811,"{""디카"": 0.765, ""패드"": 0.6995, ""폰"": 0.6851}",10.3,5.3fix/w150
2026-09-09 13:20,wrinkle,3,ce,none,False,standard,dinov3_s,512,0.001,37,22,11374,1810,0.7354,0.7519,0.8033,"{""디카"": 0.746, ""패드"": 0.6702, ""폰"": 0.7094}",10.5,5.3fix/w180
2026-09-09 13:20,wrinkle,3,ce,none,False,standard,dinov3_s,512,0.001,25,10,13432,1810,0.7466,0.7564,0.8184,"{""디카"": 0.7667, ""패드"": 0.6981, ""폰"": 0.6863}",8.1,5.3fix/w120
2026-09-09 13:20,wrinkle,3,ce,none,False,standard,dinov3_s,512,0.001,23,8,12419,1810,0.7453,0.7564,0.8147,"{""디카"": 0.7579, ""패드"": 0.6701, ""폰"": 0.6738}",7.0,5.3fix/w150
2026-09-09 13:20,wrinkle,3,ce,none,False,standard,dinov3_s,512,0.001,18,3,11374,1810,0.7416,0.7514,0.8046,"{""디카"": 0.7509, ""패드"": 0.6913, ""폰"": 0.697}",5.1,5.3fix/w180
